kw,vol_total,co,mx,pe,ec,cl,ar,es,us,comp,high_bid,intent,cluster,occasion,n_variants
globos de cumpleaños,34200,2400,12100,4400,1000,2400,3600,2900,5400,HIGH,1126.99,producto,ocasiones,cumpleanos,6
globos de helio,26700,1600,12100,1900,1300,3600,2400,1900,1900,MEDIUM,1360.62,producto,helio_inflado,,23
arco de globos,26200,1600,9900,4400,1000,2900,2900,1600,1900,HIGH,1009.54,head_tecnica,arcos_guirnaldas,,17
globos burbuja,25360,1900,18100,1300,720,1000,1300,320,720,HIGH,624.36,producto,globo_burbuja,,8
decoracion con globos,23320,2400,12100,2900,880,880,2400,880,880,MEDIUM,3018.1,head_tecnica,decoracion_general,,13
inflador de globos,18920,2900,2400,2400,720,2900,4400,1600,1600,HIGH,542.16,producto,helio_inflado,,3
globos de graduación,11810,210,9900,390,140,480,40,170,480,HIGH,907.12,producto,ocasiones,graduacion,6
bouquet de globos,11580,4400,4400,720,720,260,390,210,480,MEDIUM,3180.23,head_tecnica,bouquets_arreglos,,7
globos metálicos,10430,210,6600,1900,260,720,210,210,320,HIGH,935.63,producto,tipos_marcas_materiales,,4
bomba para inflar globos,9420,260,8100,10,30,40,30,70,880,HIGH,447.4,producto,helio_inflado,,4
letras globo,9370,720,4400,1600,390,390,880,880,110,LOW,1005.73,producto,numeros_letras,,14
maquina para inflar globos,9190,480,5400,210,90,880,390,140,1600,HIGH,578.89,producto,helio_inflado,,5
tanque de helio,8780,210,6600,110,140,480,170,70,1000,HIGH,1185.63,producto,helio_inflado,,3
arreglos de globos,8410,320,5400,720,1000,210,170,110,480,HIGH,2686.74,head_tecnica,bouquets_arreglos,,10
centros de mesa con globos,8200,880,4400,210,140,170,1600,320,480,HIGH,1191.84,head_tecnica,bouquets_arreglos,,17
guirnalda de globos,7410,210,5400,210,90,110,590,320,480,HIGH,928.71,head_tecnica,arcos_guirnaldas,,9
globoflexia,7360,1000,2900,480,260,1000,210,1300,210,LOW,2302.45,head_tecnica,globoflexia,,2
globos sempertex,7360,1600,3600,140,210,390,110,590,720,HIGH,626.22,producto,tipos_marcas_materiales,,3
como hacer un arco de globos,6740,1000,1900,720,210,720,880,720,590,MEDIUM,2055.81,informacional_howto,arcos_guirnaldas,,20
globos largos,6350,480,2900,390,480,880,480,260,480,HIGH,998.42,producto,globoflexia,,5
globos dorados,6280,480,2400,1300,320,480,590,320,390,HIGH,825.13,producto,tipos_marcas_materiales,,2
globos personalizados,6260,260,2900,390,210,590,590,1000,320,HIGH,1420.91,producto,otros,,2
flores de globos,6010,590,2900,590,210,390,480,590,260,HIGH,801.53,head_tecnica,flores_con_globos,,13
inflador de globos electrico,5550,1300,480,880,320,720,1000,590,260,HIGH,651.02,producto,helio_inflado,,6
globo rosas,5460,390,2400,720,210,480,480,390,390,HIGH,706.57,producto,otros,,8
tanque de helio para globos,4940,40,4400,20,20,90,20,30,320,HIGH,1026.53,producto,helio_inflado,,5
globos de colores,4740,320,1900,880,210,390,390,480,170,HIGH,431.52,producto,tipos_marcas_materiales,,3
globos de numero,4690,170,2400,480,170,170,590,390,320,HIGH,860.1,producto,numeros_letras,,21
arco de globos sencillo,4610,880,1900,390,210,320,390,260,260,MEDIUM,1183.38,informacional_ideas,arcos_guirnaldas,,8
globos perrito,4530,320,1900,260,110,320,480,1000,140,MEDIUM,830.82,head_tecnica,globoflexia,,11
decoracion para boda civil sencilla en casa con globos,4490,720,1900,390,260,260,590,50,320,LOW,0.0,informacional_ideas,ocasiones,boda,1
globos feliz cumpleaños,4460,320,1900,590,140,390,720,260,140,HIGH,771.94,producto,ocasiones,cumpleanos,2
brillos para globos,4440,320,2900,90,70,140,110,90,720,HIGH,589.25,producto,helio_inflado,,2
globos burbuja decorados,4380,480,3600,90,40,40,70,10,50,MEDIUM,1003.5,head_tecnica,globo_burbuja,,3
calibrador de globos,4050,390,2400,260,140,210,320,70,260,HIGH,488.48,producto,helio_inflado,,3
arreglos de globos para cumpleaños,3900,260,1600,480,480,210,140,140,590,HIGH,1719.71,informacional_ideas,bouquets_arreglos,cumpleanos,21
globo burbuja graduacion,3850,30,3600,50,30,90,10,10,30,MEDIUM,0.0,producto,globo_burbuja,graduacion,7
bombas de helio,3820,390,320,20,10,260,30,2400,390,HIGH,1261.18,producto,helio_inflado,,8
globos para fiestas,3710,140,1900,390,110,50,70,170,880,HIGH,850.27,producto,ocasiones,,9
globos de latex,3700,210,2400,320,140,140,210,140,140,HIGH,970.73,producto,tipos_marcas_materiales,,5
decoración de globos sencillos,3640,720,1600,480,210,110,320,30,170,MEDIUM,1254.6,informacional_ideas,decoracion_general,,3
decoracion globos navidad,3620,390,1900,590,320,70,110,70,170,MEDIUM,0.0,informacional_ideas,ocasiones,navidad,41
globos azules,3540,320,1600,590,140,210,210,210,260,HIGH,687.82,producto,otros,,1
globo numero 9,3390,20,2400,720,140,40,30,20,20,HIGH,766.54,producto,numeros_letras,,9
globos metalizados,3290,880,140,140,320,320,1300,140,50,HIGH,667.69,producto,tipos_marcas_materiales,,2
decoracion con globos para cumpleaños,3240,260,1300,480,90,140,480,320,170,MEDIUM,2141.16,informacional_ideas,ocasiones,cumpleanos,27
tamaños de globos,3200,480,1900,320,140,90,110,70,90,MEDIUM,0.0,informacional_howto,tipos_marcas_materiales,,6
globos de graduación personalizados,2870,70,2400,110,50,140,40,10,50,MEDIUM,0.0,producto,ocasiones,graduacion,7
sencillas decoracion de globos para matrimonio civil en casa,2790,480,1600,170,140,90,210,10,90,LOW,0.0,informacional_ideas,ocasiones,boda,1
como decorar con globos en la pared,2710,390,1000,320,90,90,390,260,170,LOW,0.0,informacional_howto,arcos_guirnaldas,,5
cumpleaños decoracion sencilla con globos,2660,720,1000,320,170,90,260,10,90,MEDIUM,0.0,informacional_ideas,ocasiones,cumpleanos,10
adornos con globos,2590,30,1900,210,90,110,110,50,90,MEDIUM,2305.93,head_tecnica,decoracion_general,,3
globos decorativos,2550,210,880,480,90,140,320,320,110,HIGH,2228.81,head_tecnica,decoracion_general,,1
columnas de globos,2500,210,1000,210,90,70,390,320,210,MEDIUM,0.0,head_tecnica,arcos_guirnaldas,,5
globos de dinosaurio,2430,110,1300,110,40,170,320,170,210,HIGH,838.18,producto,otros,,7
globos cromados,2420,260,480,880,210,140,390,20,40,MEDIUM,0.0,producto,tipos_marcas_materiales,,5
gas helio para globos,2380,40,1300,30,10,260,260,90,390,HIGH,1035.17,producto,helio_inflado,,8
globos burbuja personalizados,2330,110,1300,260,140,140,170,70,140,MEDIUM,1153.15,producto,globo_burbuja,,2
decoracion con globos para mujer,2300,390,880,590,110,40,170,30,90,MEDIUM,6037.19,informacional_ideas,ocasiones,,10
arreglos de graduación de globos,2270,50,1900,40,140,30,10,10,90,LOW,0.0,informacional_ideas,bouquets_arreglos,graduacion,20
figuras con globos,2260,320,1000,140,70,210,90,320,110,LOW,0.0,head_tecnica,globoflexia,,9
tipos de globos,2250,260,1000,480,140,90,140,70,70,MEDIUM,0.0,informacional_howto,tipos_marcas_materiales,,4
decoracion de techo con telas y globos,2240,170,1600,140,50,50,170,10,50,LOW,0.0,head_tecnica,arcos_guirnaldas,,1
globos publicitarios,2220,170,1300,260,40,210,70,140,30,LOW,3701.72,producto,otros,,1
globos plateados,2170,170,880,260,70,170,390,90,140,HIGH,762.6,producto,tipos_marcas_materiales,,2
arco de globos para cumpleaños,2150,140,320,390,50,390,390,260,210,HIGH,0.0,informacional_ideas,arcos_guirnaldas,cumpleanos,10
globos inflados con helio,2120,210,720,170,70,170,320,320,140,HIGH,1025.3,producto,helio_inflado,,6
medio arco de globos sencillo,2120,590,590,210,90,90,320,90,140,LOW,0.0,informacional_ideas,arcos_guirnaldas,,2
globos colores pastel,2100,110,1000,170,70,210,320,110,110,HIGH,719.47,producto,tipos_marcas_materiales,,2
globos de navidad,2090,260,590,140,50,110,320,480,140,HIGH,462.11,producto,ocasiones,navidad,5
decoracion navideña con globos para mesa,2080,320,880,390,320,40,90,10,30,LOW,0.0,informacional_ideas,ocasiones,navidad,1
decoracion con globos rosa y dorado,2050,480,880,260,110,40,170,40,70,MEDIUM,0.0,head_tecnica,tipos_marcas_materiales,,11
decoración con globos sencilla,1980,320,880,110,70,40,170,320,70,MEDIUM,0.0,informacional_ideas,decoracion_general,,15
marcas de globos,1980,260,1300,90,30,40,140,30,90,HIGH,1864.27,producto,tipos_marcas_materiales,,4
espada de globo,1930,140,720,140,50,390,210,210,70,LOW,0.0,head_tecnica,globoflexia,,5
decoracion fiesta mexicana con globos,1920,110,1600,20,20,20,30,10,110,HIGH,1290.12,informacional_ideas,ocasiones,,6
globos decorar,1920,70,1300,140,30,30,210,70,70,HIGH,1362.93,head_tecnica,decoracion_general,,4
sencilla decoracion con cortinas metalizadas y globos,1920,390,720,210,110,50,390,10,40,LOW,0.0,informacional_ideas,arcos_guirnaldas,,1
bouquet de globos sencillo,1910,880,590,90,90,40,90,40,90,LOW,0.0,informacional_ideas,bouquets_arreglos,,2
como hacer un arco de globos sencillo paso a paso,1910,390,590,210,70,110,320,10,210,LOW,0.0,informacional_howto,arcos_guirnaldas,,1
globos de estrella,1870,90,1300,90,50,70,140,40,90,HIGH,503.71,producto,otros,,2
decoracion con globos para hombre,1840,320,720,390,90,30,70,50,170,MEDIUM,0.0,informacional_ideas,ocasiones,,19
arco de globos para boda civil,1820,260,1000,140,110,70,110,40,90,LOW,0.0,informacional_ideas,arcos_guirnaldas,boda,1
sencilla decoracion para confirmacion globos,1810,210,880,140,140,40,320,10,70,LOW,0.0,informacional_ideas,decoracion_general,bautizo_comunion,1
centro de mesa con globo burbuja,1780,50,1300,10,10,10,320,30,50,MEDIUM,0.0,head_tecnica,globo_burbuja,,8
decoración con globos para cumpleaños de hombres adultos,1780,590,390,320,140,50,70,10,210,MEDIUM,0.0,informacional_ideas,ocasiones,cumpleanos,1
fiesta decoracion con globos rojos y dorados,1770,390,720,210,140,30,140,30,110,LOW,0.0,informacional_ideas,tipos_marcas_materiales,,1
halloween con globos,1770,90,480,210,70,210,320,320,70,HIGH,944.49,informacional_ideas,ocasiones,halloween,3
pared de globos,1770,170,880,170,90,70,170,50,170,HIGH,1351.23,head_tecnica,arcos_guirnaldas,,3
decoracion con globos azul rey y dorado,1760,320,880,210,140,40,90,10,70,LOW,0.0,head_tecnica,tipos_marcas_materiales,,1
como inflar globo largo,1750,140,1300,40,30,40,40,70,90,LOW,0.0,informacional_howto,globoflexia,,2
arco de globos para olimpiadas,1740,10,20,1600,70,10,10,10,10,LOW,0.0,informacional_ideas,arcos_guirnaldas,,4
medio arco de globos,1740,320,590,170,90,110,260,110,90,HIGH,982.9,head_tecnica,arcos_guirnaldas,,10
globos en el techo,1710,140,590,260,90,110,260,170,90,MEDIUM,0.0,head_tecnica,arcos_guirnaldas,,7
sencillo centro de mesa con globos,1710,260,880,40,40,30,320,50,90,MEDIUM,0.0,informacional_ideas,bouquets_arreglos,,5
figuras con globos largos,1680,320,590,50,50,320,90,210,50,LOW,0.0,head_tecnica,globoflexia,,4
globos con luces,1680,110,260,170,30,170,590,260,90,HIGH,604.92,producto,tipos_marcas_materiales,,5
globos de forma de corazon,1660,140,590,260,50,140,260,110,110,HIGH,792.24,producto,otros,san_valentin_amor_amistad,2
globos de cumpleaños para mujer,1650,140,720,260,70,50,90,110,210,HIGH,824.71,producto,ocasiones,cumpleanos,2
arco con flores de globos,1640,170,880,140,90,70,110,70,110,HIGH,0.0,head_tecnica,flores_con_globos,,16
decoracion con globos de halloween,1620,320,720,210,90,50,90,50,90,MEDIUM,0.0,informacional_ideas,ocasiones,halloween,19
decoracion arco de globos,1600,260,590,260,50,90,110,70,170,HIGH,0.0,head_tecnica,arcos_guirnaldas,,15
globos decoracion de cumpleaños para mujer,1600,480,320,390,170,30,70,30,110,LOW,0.0,informacional_ideas,ocasiones,cumpleanos,15
globos adornados,1590,140,1000,210,50,20,70,30,70,MEDIUM,1968.66,head_tecnica,decoracion_general,,1
decoracion con globos transparentes,1580,170,1300,20,10,10,30,10,30,HIGH,810.2,head_tecnica,globo_burbuja,,5
decoración para año nuevo con globos,1560,260,720,210,140,30,140,10,50,HIGH,0.0,informacional_ideas,ocasiones,navidad,12
curso decoracion de eventos,1550,140,140,110,40,50,720,260,90,HIGH,4515.78,transaccional_curso,cursos,,6
globos inflables,1550,110,590,210,70,110,140,110,210,HIGH,773.77,producto,otros,,1
bomba de globos,1540,50,1300,10,10,10,10,40,110,HIGH,439.44,producto,helio_inflado,,4
globo de bienvenida,1500,140,480,260,50,70,70,110,320,HIGH,828.97,producto,ocasiones,,3
bomba electrica para inflar globos,1480,40,1300,10,10,10,10,10,90,HIGH,552.87,producto,helio_inflado,,3
como hacer una guirnalda de globos,1480,70,880,20,10,20,170,170,140,LOW,0.0,informacional_howto,arcos_guirnaldas,,11
ramo de globo,1480,90,880,140,30,70,110,70,90,LOW,0.0,head_tecnica,bouquets_arreglos,,2
torres de globos,1480,140,1000,90,70,10,30,70,70,MEDIUM,0.0,producto,otros,,1
decoracion con globos para boda,1470,140,1000,70,50,20,50,50,90,MEDIUM,1905.13,informacional_ideas,ocasiones,boda,14
globos con led,1470,50,260,480,20,70,390,170,30,MEDIUM,0.0,producto,tipos_marcas_materiales,,5
globos reutilizables,1460,70,720,20,10,110,70,390,70,HIGH,379.61,producto,otros,,1
globos verde,1440,110,480,320,90,140,140,110,50,HIGH,474.55,producto,otros,,1
decoracion con globos para la virgen de guadalupe,1430,10,1300,10,10,10,10,10,70,LOW,0.0,informacional_ideas,ocasiones,virgen_guadalupe,3
ideas para decorar con globos sencillo,1430,260,720,140,40,50,140,10,70,LOW,0.0,informacional_ideas,decoracion_general,,1
globos flotando,1420,210,480,170,70,90,140,90,170,MEDIUM,521.24,producto,helio_inflado,,1
decoración de cumpleaños para mujer sencilla con globos,1400,480,320,260,90,40,90,30,90,LOW,1918.99,informacional_ideas,ocasiones,cumpleanos,2
globos neon,1400,140,720,170,70,90,90,70,50,HIGH,682.91,producto,tipos_marcas_materiales,,1
globo de cumpleaños para hombre,1380,110,720,170,50,30,40,50,210,HIGH,851.93,producto,ocasiones,cumpleanos,2
decoracion con globos en el techo,1370,260,390,210,50,90,210,70,90,MEDIUM,0.0,head_tecnica,arcos_guirnaldas,,21
paquetes de globos para decorar,1370,90,1000,70,50,20,90,10,40,HIGH,486.15,head_tecnica,decoracion_general,,1
como adornar con globos sencillo,1350,210,720,110,40,50,140,10,70,LOW,0.0,informacional_howto,decoracion_general,,2
plim plim con globos,1340,50,720,170,40,70,210,10,70,LOW,0.0,informacional_ideas,otros,,1
como inflar globos metalicos,1330,30,880,70,10,170,110,20,40,LOW,0.0,informacional_howto,helio_inflado,,4
globos verde oliva,1300,90,720,170,30,50,140,30,70,HIGH,753.75,producto,otros,,1
como hacer arco de globos sin estructura,1290,170,390,90,40,50,140,320,90,LOW,0.0,informacional_howto,arcos_guirnaldas,,2
curso de decoracion con globos,1280,210,590,110,30,50,110,90,90,LOW,1113.36,transaccional_curso,cursos,,7
globos inflados,1280,90,480,260,90,90,110,90,70,LOW,0.0,producto,helio_inflado,,2
inflador de globos manual,1280,170,260,140,70,140,320,90,90,HIGH,215.91,producto,helio_inflado,,6
como hacer flores con globos,1260,140,480,90,40,110,170,140,90,LOW,0.0,informacional_howto,flores_con_globos,,8
globos de vaca,1260,50,880,40,20,90,70,40,70,HIGH,646.44,producto,otros,,6
manualidades con globos,1250,90,390,110,50,70,110,390,40,LOW,0.0,informacional_howto,otros,,1
arreglos con globos burbuja,1240,90,880,90,50,30,50,10,40,LOW,0.0,head_tecnica,globo_burbuja,,10
globos con luces led,1240,50,210,210,10,90,480,140,50,HIGH,718.81,producto,tipos_marcas_materiales,,11
arco de globos para entrada,1230,110,720,170,50,40,90,10,40,MEDIUM,1722.71,head_tecnica,arcos_guirnaldas,,4
infladora de globos,1220,20,1000,20,10,30,20,10,110,HIGH,679.08,producto,helio_inflado,,3
globos decoracion verde y dorado,1200,320,390,210,110,20,90,10,50,MEDIUM,0.0,head_tecnica,tipos_marcas_materiales,,4
globos número 8,1190,10,880,170,20,10,50,30,20,HIGH,894.03,producto,numeros_letras,,9
globos numero 12,1180,20,720,260,90,40,30,10,10,HIGH,617.14,producto,numeros_letras,,6
arcoiris de globos,1160,90,590,140,40,70,140,40,50,HIGH,577.78,head_tecnica,arcos_guirnaldas,,12
tanque de helio recargable,1160,10,1000,10,10,20,10,10,90,HIGH,1184.79,producto,helio_inflado,,1
globos de animales,1150,90,390,140,40,140,140,140,70,HIGH,1057.8,head_tecnica,globoflexia,,3
globos naranjas,1140,70,480,170,50,70,140,110,50,HIGH,887.25,producto,otros,,1
globos pequeños,1140,140,480,110,40,90,30,110,140,HIGH,643.12,producto,otros,,1
como decorar con globos,1130,70,480,140,20,50,210,70,90,LOW,0.0,informacional_howto,decoracion_general,,4
como inflar globos,1130,90,480,110,40,70,140,110,90,LOW,0.0,informacional_howto,helio_inflado,,4
decoración con globos en casa,1130,260,480,110,40,50,110,10,70,LOW,1416.36,informacional_ideas,ocasiones,,4
decoracion día del padre con globos,1110,170,390,320,70,40,40,10,70,LOW,0.0,informacional_ideas,ocasiones,dia_padre,18
arreglos de globos sencillos,1090,140,590,50,140,30,30,20,90,MEDIUM,1022.97,informacional_ideas,bouquets_arreglos,,6
globo con confeti,1090,30,480,70,40,50,320,70,30,HIGH,535.05,producto,globo_burbuja,,6
globos burbujas transparentes,1090,50,260,30,20,210,90,170,260,HIGH,560.1,producto,globo_burbuja,,4
decoracion con bombas,1080,1000,10,10,10,10,10,10,20,MEDIUM,1042.0,head_tecnica,decoracion_general,,10
globo numero 7,1080,10,390,590,10,10,30,20,20,MEDIUM,0.0,producto,numeros_letras,,7
como hacer decoracion con globos,1070,210,320,90,30,50,170,90,110,MEDIUM,0.0,informacional_howto,decoracion_general,,12
adornos de globos para cumpleaños,1060,20,720,110,20,50,50,20,70,HIGH,2693.56,informacional_ideas,ocasiones,cumpleanos,12
base para arco de globos,1060,50,720,30,30,90,40,30,70,HIGH,501.39,head_tecnica,arcos_guirnaldas,,9
decoración para posada navideña con globos,1060,70,720,110,110,10,30,0,10,MEDIUM,0.0,informacional_ideas,ocasiones,navidad,2
como adornar con globos,1050,10,880,30,10,30,50,10,30,LOW,0.0,informacional_howto,decoracion_general,,3
tamaños de globos de numero,1050,50,720,110,40,20,70,10,30,MEDIUM,0.0,informacional_howto,numeros_letras,,10
como hacer un medio arco de globos sin base,1040,210,390,90,30,50,140,40,90,LOW,0.0,informacional_howto,arcos_guirnaldas,,2
globo san valentin,1040,10,480,70,20,90,90,110,170,HIGH,0.0,producto,ocasiones,san_valentin_amor_amistad,2
como armar un arco de globos,1010,110,170,170,30,50,390,20,70,LOW,0.0,informacional_howto,arcos_guirnaldas,,14
decoracion con cortinas y globos,1010,170,390,140,50,30,170,20,40,LOW,0.0,head_tecnica,arcos_guirnaldas,,9
tanque de gas helio,1010,10,880,10,10,10,10,10,70,HIGH,1205.29,producto,helio_inflado,,3
globos qualatex,1000,20,720,10,10,30,30,70,110,HIGH,751.99,producto,tipos_marcas_materiales,,2
decoracion globos vino con dorado,980,170,390,170,70,10,90,10,70,MEDIUM,0.0,head_tecnica,tipos_marcas_materiales,,1
arco de bombas,970,880,10,10,10,10,10,10,30,MEDIUM,895.53,head_tecnica,arcos_guirnaldas,,10
globos grandes transparentes,970,110,480,40,30,40,30,70,170,HIGH,781.36,producto,otros,,1
tanque de helio desechable,970,,880,10,20,10,10,10,30,HIGH,1025.77,producto,helio_inflado,,2
bouquet de globos para hombre,960,480,260,70,50,10,10,10,70,MEDIUM,0.0,informacional_ideas,bouquets_arreglos,,9
globos de,960,70,480,90,40,50,90,90,50,LOW,0.0,producto,otros,,4
globos en forma de flor,960,90,480,140,30,40,110,30,40,HIGH,505.58,head_tecnica,flores_con_globos,,3
globos largos de colores,960,10,880,10,10,10,10,20,10,HIGH,518.29,producto,globoflexia,,1
bombas sempertex,950,880,10,10,10,10,10,10,10,HIGH,762.21,producto,tipos_marcas_materiales,,2
como inflar un globo burbuja,950,110,480,30,20,30,260,10,10,LOW,0.0,informacional_howto,globo_burbuja,,10
globos numero 5,950,20,590,170,30,20,50,30,40,HIGH,794.46,producto,numeros_letras,,8
arreglo de globos para hombre,940,90,480,90,140,10,10,10,110,MEDIUM,0.0,informacional_ideas,bouquets_arreglos,,9
globo n 7,900,10,210,590,10,10,30,20,20,MEDIUM,0.0,producto,otros,,1
arco de decoracion con globos de masha y el oso,890,210,390,70,90,10,70,10,40,LOW,0.0,head_tecnica,arcos_guirnaldas,,1
como se inflan los globos metalicos,890,30,590,40,10,110,90,10,10,LOW,0.0,informacional_howto,tipos_marcas_materiales,,3
arco organico de globos,880,320,260,50,40,30,110,30,40,MEDIUM,0.0,head_tecnica,arcos_guirnaldas,,19
formas de globos,880,70,210,110,40,50,210,170,20,MEDIUM,0.0,producto,otros,,5
centro de mesa con frascos y globos,870,20,210,10,10,10,590,10,10,LOW,0.0,head_tecnica,bouquets_arreglos,,1
globos de 18 pulgadas,870,40,590,20,20,30,90,30,50,HIGH,619.21,producto,tipos_marcas_materiales,,2
globos estrella metalicos,870,30,590,140,10,40,40,10,10,HIGH,686.38,producto,tipos_marcas_materiales,,9
decoracion de globos para hombre sencillo,860,260,320,110,50,20,20,10,70,MEDIUM,0.0,informacional_ideas,ocasiones,,3
decoracion con telas y globos,850,50,390,140,40,20,170,10,30,LOW,0.0,head_tecnica,decoracion_general,,3
globos de numeros grandes,850,20,390,30,10,50,140,70,140,HIGH,889.78,producto,numeros_letras,,10
globos transparentes con confeti,850,30,480,50,20,30,210,20,10,HIGH,604.04,producto,globo_burbuja,,4
cinta para arco de globos,840,110,90,50,30,110,390,40,20,HIGH,380.29,head_tecnica,arcos_guirnaldas,,12
decoración con globos y flores,840,140,390,70,30,20,70,30,90,MEDIUM,0.0,head_tecnica,flores_con_globos,,18
globo revelacion de genero,840,90,390,50,30,90,70,70,50,HIGH,707.71,producto,ocasiones,baby_shower,1
medidor de globos,840,70,390,50,30,70,70,50,110,HIGH,548.12,producto,otros,,3
decoracion sin globos,830,260,320,70,30,50,50,20,30,MEDIUM,0.0,head_tecnica,decoracion_general,,1
como amarrar globos,820,110,390,110,30,110,10,20,40,LOW,0.0,informacional_howto,otros,,3
como hacer figuras con globos,820,90,320,40,20,110,40,110,90,LOW,0.0,informacional_howto,globoflexia,,4
globo 12,820,20,590,70,50,20,30,30,10,HIGH,884.69,producto,otros,,3
globos con helio cumpleaños,820,50,210,170,10,30,20,260,70,HIGH,1334.02,producto,helio_inflado,cumpleanos,12
globos de sonic,820,50,320,40,20,70,110,70,140,HIGH,518.14,producto,otros,,3
globo burbuja 24 pulgadas,810,20,720,10,10,10,20,10,10,HIGH,517.77,producto,globo_burbuja,,2
globos con numero 1,810,50,320,70,20,50,140,70,90,HIGH,1199.66,producto,numeros_letras,,10
bouquet de globos para cumpleaños,800,170,390,50,50,20,20,30,70,MEDIUM,0.0,informacional_ideas,bouquets_arreglos,cumpleanos,5
como pegar globos en la pared,800,50,320,50,20,50,110,90,110,LOW,0.0,informacional_howto,arcos_guirnaldas,,6
flores globos y fiestas,800,720,10,10,10,10,10,10,20,LOW,2108.2,informacional_ideas,flores_con_globos,,2
globos transparentes con luces,800,40,210,70,10,70,320,40,40,HIGH,782.2,producto,globo_burbuja,,1
como hacer una flor con globos de 4 petalos,790,170,260,90,40,50,90,50,40,LOW,0.0,informacional_howto,flores_con_globos,,1
decoración con cortina metalizada y globos,790,170,260,90,40,30,170,10,20,LOW,0.0,head_tecnica,arcos_guirnaldas,,2
globo de shrek,790,20,590,20,10,40,50,20,40,HIGH,481.99,producto,otros,,1
globos azul marino,790,20,480,90,40,50,40,20,50,HIGH,808.46,producto,otros,,1
globos azul metalico,790,10,590,90,10,40,10,10,30,HIGH,674.23,producto,tipos_marcas_materiales,,5
palito de globo,790,70,170,170,50,140,110,50,30,HIGH,458.0,producto,otros,,2
sencilla decoracion de futbol con globos,780,210,320,50,70,20,70,10,30,MEDIUM,0.0,informacional_ideas,decoracion_general,,1
como inflar globos con helio,770,40,170,50,10,110,170,110,110,HIGH,669.42,informacional_howto,helio_inflado,,6
balon de helio,760,10,10,390,10,260,10,20,50,MEDIUM,785.6,producto,helio_inflado,,4
cuanto dura un globo con helio,760,90,320,50,40,50,70,110,30,LOW,0.0,informacional_howto,helio_inflado,,10
decoracion con globos para bautizo,760,40,480,70,40,20,20,50,40,MEDIUM,2245.51,informacional_ideas,ocasiones,bautizo_comunion,11
decoración sencilla con globos para mujer,760,260,260,110,30,20,40,10,30,LOW,0.0,informacional_ideas,ocasiones,,5
arco de globos como se hace,750,140,170,140,30,50,110,70,40,MEDIUM,0.0,informacional_howto,arcos_guirnaldas,,7
centro de mesa con dulces y globos,750,30,590,10,10,10,50,10,40,LOW,0.0,head_tecnica,bouquets_arreglos,,1
figuras fáciles con globos,750,110,260,50,20,50,70,140,50,LOW,0.0,informacional_ideas,otros,,5
globos de aniversario,750,30,210,260,20,30,20,70,110,LOW,0.0,producto,ocasiones,boda,5
guirnalda de globos sencilla,750,50,480,30,10,10,90,50,30,MEDIUM,0.0,informacional_ideas,arcos_guirnaldas,,3
arco de globos de colores,740,40,390,140,50,30,40,20,30,MEDIUM,0.0,head_tecnica,arcos_guirnaldas,,10
bomba de aire para globos,740,10,590,10,10,10,10,10,90,HIGH,440.4,producto,helio_inflado,,3
decoracion con globos rosa,740,90,390,90,20,20,70,20,40,HIGH,0.0,head_tecnica,decoracion_general,,9
decoracion de globos de graduacion,740,50,480,50,50,20,10,30,50,MEDIUM,0.0,informacional_ideas,ocasiones,graduacion,16
globoflexia facil,740,40,170,10,10,70,40,390,10,LOW,0.0,informacional_ideas,globoflexia,,1
para inflar globos,740,30,320,40,20,30,50,40,210,HIGH,626.84,producto,helio_inflado,,1
arco de globos simple,720,140,260,110,40,40,90,10,30,MEDIUM,0.0,head_tecnica,arcos_guirnaldas,,2
bebe globo,720,110,210,30,10,50,70,170,70,LOW,653.65,producto,ocasiones,baby_shower,6
globos de oso,720,40,390,40,10,50,110,30,50,HIGH,641.33,producto,otros,,1
mini bouquet de globos,720,320,260,30,40,10,30,10,20,LOW,0.0,head_tecnica,bouquets_arreglos,,1
inflador de bombas,710,590,20,10,10,10,10,10,50,HIGH,744.83,producto,helio_inflado,,3
curso de globoflexia,700,90,480,20,10,30,30,30,10,LOW,740.17,transaccional_curso,cursos,,3
curso de globos,700,110,390,30,30,30,30,30,50,LOW,1113.57,transaccional_curso,cursos,,5
globo burbuja feliz cumpleaños,700,90,480,70,20,10,10,10,10,MEDIUM,744.05,producto,globo_burbuja,cumpleanos,4
globo de revelación,700,50,480,40,20,20,10,10,70,HIGH,1143.56,producto,otros,,1
globos con el numero 18,700,30,390,140,30,10,50,30,20,HIGH,509.92,producto,numeros_letras,,8
globos con numero de cumpleaños,690,20,170,50,20,30,90,260,50,HIGH,0.0,producto,numeros_letras,cumpleanos,20
globos de gatitos,690,40,390,40,10,70,70,40,30,HIGH,722.41,producto,otros,,3
globos para bautizo,690,10,390,20,10,30,10,170,50,HIGH,652.78,producto,ocasiones,bautizo_comunion,3
bomba manual para inflar globos,680,10,590,10,10,10,10,10,30,HIGH,0.0,producto,helio_inflado,,2
decoración con globos largos,680,90,320,70,50,70,40,20,20,LOW,0.0,head_tecnica,globoflexia,,4
espada globoflexia,680,70,50,10,10,110,30,390,10,LOW,0.0,head_tecnica,globoflexia,,3
globos personalizados con nombre,680,20,210,50,10,50,90,210,40,HIGH,823.89,producto,otros,,3
centro de mesa con globos fáciles,670,140,320,20,20,20,110,10,30,MEDIUM,0.0,informacional_ideas,bouquets_arreglos,,1
decoración navideña con globos sencilla,670,90,320,90,90,10,30,10,30,LOW,0.0,informacional_ideas,ocasiones,navidad,8
globos biodegradables,670,90,260,30,10,70,50,140,20,HIGH,434.51,producto,tipos_marcas_materiales,,1
globos de unicornio,670,40,260,30,10,40,110,110,70,HIGH,536.18,producto,globo_burbuja,,8
letra para globo burbuja,670,50,480,50,20,20,20,10,20,MEDIUM,671.75,producto,globo_burbuja,,2
pintura para globo burbuja,670,10,590,10,10,10,10,10,20,HIGH,450.4,producto,globo_burbuja,,2
como inflar globos largos con la boca,660,30,390,30,10,70,40,50,40,LOW,0.0,informacional_howto,globoflexia,,4
cortina de globos,660,70,260,70,30,50,140,20,20,HIGH,0.0,head_tecnica,arcos_guirnaldas,,4
feliz aniversario globos,660,50,210,140,20,70,90,30,50,HIGH,783.17,producto,ocasiones,boda,4
globos de helio personalizados,660,50,320,70,10,30,40,110,30,MEDIUM,829.78,producto,helio_inflado,,7
globos pegados en el techo,660,50,260,70,30,30,140,40,40,MEDIUM,0.0,head_tecnica,arcos_guirnaldas,,3
centro de mesa con globo transparente,650,70,320,10,10,10,210,10,10,MEDIUM,0.0,head_tecnica,globo_burbuja,,1
fiestas infantil decoracion del hombre araña con globos,650,140,260,90,50,10,50,10,40,MEDIUM,0.0,informacional_ideas,ocasiones,,1
pilar de globos,650,10,260,10,170,110,40,10,40,MEDIUM,0.0,producto,otros,,1
centro de mesa de dinosaurios con globos,640,10,480,10,10,10,90,10,20,LOW,0.0,head_tecnica,bouquets_arreglos,,2
decoracion con globos rojos,630,140,260,90,30,20,40,10,40,MEDIUM,0.0,head_tecnica,decoracion_general,,11
decoraciones arcos de globos sencillos,630,90,320,90,30,20,40,10,30,LOW,0.0,informacional_ideas,arcos_guirnaldas,,1
globo margarita,630,30,170,30,10,20,320,30,20,HIGH,1071.81,producto,flores_con_globos,,2
globos animal print,630,30,210,20,10,70,260,20,10,HIGH,773.2,head_tecnica,globoflexia,,3
globos de letras metalicos,630,30,390,70,10,30,70,10,20,HIGH,773.35,producto,numeros_letras,,6
globos de mono,630,20,390,20,10,30,90,20,50,HIGH,679.95,producto,otros,,1
primera comunion con globos,630,30,390,20,10,20,20,110,30,HIGH,675.46,informacional_ideas,ocasiones,bautizo_comunion,5
decoracion de cumpleaños con cortinas y globos,620,140,210,110,40,20,70,10,20,LOW,0.0,informacional_ideas,arcos_guirnaldas,cumpleanos,5
decoración de spiderman sencilla con globos,620,170,260,50,40,10,50,10,30,MEDIUM,0.0,informacional_ideas,decoracion_general,,1
decorar con globos navidad,620,40,390,70,30,20,30,30,10,MEDIUM,0.0,informacional_ideas,ocasiones,navidad,2
maquina para inflar globos de helio,620,40,320,30,10,50,40,20,110,HIGH,601.82,producto,helio_inflado,,4
arco para decorar con globos,610,70,320,30,20,10,40,30,90,HIGH,652.33,head_tecnica,arcos_guirnaldas,,3
bouquet de globos para mujer,610,320,110,90,20,10,10,10,40,MEDIUM,0.0,informacional_ideas,bouquets_arreglos,,4
decoracion con globos colgantes,610,210,140,140,30,20,30,10,30,LOW,0.0,head_tecnica,decoracion_general,,1
forma con globos largos,610,30,50,20,20,50,320,110,10,MEDIUM,419.95,informacional_ideas,globoflexia,,2
globos con luz led,610,20,390,20,10,20,90,50,10,HIGH,880.68,producto,tipos_marcas_materiales,,9
globos de luz,610,30,260,20,10,20,90,140,40,MEDIUM,2230.93,producto,tipos_marcas_materiales,,3
tipos de columnas de globos,610,70,390,40,30,10,40,10,20,LOW,0.0,informacional_howto,arcos_guirnaldas,,1
como inflar un globo de numero,600,140,140,10,40,10,210,40,10,LOW,0.0,informacional_howto,numeros_letras,,13
decoracion de cumpleaños sin globos,600,170,170,70,20,40,50,40,40,LOW,0.0,informacional_ideas,ocasiones,cumpleanos,4
galon de helio,600,10,20,40,10,480,10,,30,HIGH,428.29,producto,helio_inflado,,3
arreglos de globos para cumpleaños mujer sencillos,590,90,320,40,50,10,20,10,50,MEDIUM,0.0,informacional_ideas,bouquets_arreglos,cumpleanos,1
arreglos de globos para graduación sencillos,590,70,390,30,40,10,10,10,30,LOW,0.0,informacional_ideas,bouquets_arreglos,graduacion,1
cumpleaños dinosaurio sencillo globo decoracion de dinosaurios,590,210,210,40,50,10,50,10,10,MEDIUM,0.0,informacional_ideas,ocasiones,cumpleanos,1
pared decoracion sencilla con globos para primera comunion,590,170,320,10,10,10,50,10,10,LOW,0.0,informacional_ideas,arcos_guirnaldas,bautizo_comunion,1
centros de mesa con globos para cumpleaños,580,140,260,30,10,10,70,20,40,MEDIUM,0.0,informacional_ideas,bouquets_arreglos,cumpleanos,6
como hacer arco de globos facil y rapido,580,110,170,50,20,40,70,70,50,LOW,0.0,informacional_howto,arcos_guirnaldas,,2
decoracion boda civil con globos,580,110,260,50,50,20,40,20,30,LOW,0.0,informacional_ideas,ocasiones,boda,8
globos 5,580,20,390,50,20,10,30,40,20,HIGH,781.32,producto,otros,,3
globos de caballos,580,20,320,10,10,50,90,50,30,HIGH,547.45,producto,otros,,4
arbol de navidad de globos,570,90,260,70,30,20,20,50,30,HIGH,0.0,producto,ocasiones,navidad,3
decoracion de globos para hombre azul,570,140,210,110,50,10,20,10,20,LOW,0.0,informacional_ideas,ocasiones,,2
fiesta decoracion de dinosaurios con globos,570,90,320,50,40,10,20,10,30,HIGH,0.0,informacional_ideas,ocasiones,,4
globos con nombre,570,20,170,50,20,30,90,170,20,MEDIUM,0.0,producto,otros,,3
marca de globos para decorar,570,20,480,10,10,10,20,10,10,HIGH,1059.37,head_tecnica,tipos_marcas_materiales,,3
adornos con globos sencillos,560,20,480,10,10,10,10,10,10,MEDIUM,0.0,informacional_ideas,decoracion_general,,5
arreglos de mesa con globos,560,110,320,50,20,10,10,10,30,MEDIUM,0.0,head_tecnica,bouquets_arreglos,,11
globo burbuja rosa,560,20,480,10,10,10,10,10,10,MEDIUM,0.0,producto,globo_burbuja,,3
globos personalizados de cumpleaños,560,20,320,50,20,10,70,30,40,MEDIUM,809.92,producto,ocasiones,cumpleanos,10
perrito globoflexia,560,70,110,10,10,70,20,260,10,LOW,0.0,head_tecnica,globoflexia,,6
adornar con globos para boda,550,10,480,10,10,10,10,10,10,MEDIUM,0.0,informacional_ideas,ocasiones,boda,9
arco de globos para graduación,550,10,390,30,20,40,10,20,30,MEDIUM,0.0,informacional_ideas,arcos_guirnaldas,graduacion,9
centro de mesa con botella y globo,550,30,260,10,10,10,210,10,10,LOW,0.0,head_tecnica,bouquets_arreglos,,1
globo 12 pulgadas,550,20,320,20,10,30,90,40,20,HIGH,732.37,producto,tipos_marcas_materiales,,1
globo rosa metalico,550,10,390,50,10,50,10,10,20,HIGH,531.66,producto,tipos_marcas_materiales,,6
globos nacarado,550,10,90,390,20,10,10,10,10,MEDIUM,0.0,producto,otros,,1
paquetes de globos para fiestas,550,10,480,10,10,10,10,10,10,HIGH,827.13,producto,ocasiones,,1
globo burbuja tamaños,540,90,320,40,30,10,30,10,10,HIGH,0.0,informacional_howto,globo_burbuja,,4
arreglo con globos y peluche,530,50,260,110,30,20,10,10,40,LOW,0.0,head_tecnica,bouquets_arreglos,,6
arreglos con cajas de madera y globos,530,70,320,20,50,10,20,10,30,LOW,0.0,head_tecnica,bouquets_arreglos,,3
columnas de globos sencillas,530,70,260,30,30,10,50,50,30,LOW,0.0,informacional_ideas,arcos_guirnaldas,,2
globos impresos,530,10,140,30,10,170,140,20,10,HIGH,2237.3,producto,otros,,1
globos negros y dorados,530,30,260,30,10,40,70,40,50,HIGH,792.54,producto,tipos_marcas_materiales,,1
arco de globos navidad,520,20,260,90,40,40,20,30,20,HIGH,0.0,informacional_ideas,arcos_guirnaldas,navidad,19
arreglos de globos para bautizo,520,10,390,10,50,10,10,10,30,HIGH,0.0,informacional_ideas,bouquets_arreglos,bautizo_comunion,10
decoracion con globos azules,520,90,260,50,20,10,40,20,30,MEDIUM,0.0,head_tecnica,decoracion_general,,13
decoracion con globos para primera comunion,520,40,390,20,10,10,10,20,20,MEDIUM,0.0,informacional_ideas,ocasiones,bautizo_comunion,12
fiesta de halloween decoracion con globos,520,170,170,70,40,10,30,10,20,MEDIUM,0.0,informacional_ideas,ocasiones,halloween,1
fiesta navideño decoraciones navideñas con globos,520,50,210,110,90,10,30,10,10,LOW,0.0,informacional_ideas,ocasiones,navidad,6
flor con globos redondos,520,110,210,70,20,30,40,20,20,LOW,0.0,head_tecnica,flores_con_globos,,1
flor en globoflexia,520,90,90,20,10,70,20,210,10,LOW,0.0,head_tecnica,globoflexia,,3
globo burbuja doble boquilla,520,70,320,20,20,40,20,10,20,HIGH,454.23,producto,globo_burbuja,,1
globos color vino,520,10,320,90,20,10,20,10,40,HIGH,745.85,producto,otros,,1
bouquet de globos para hombre sencillo,510,260,140,30,30,10,10,10,20,LOW,0.0,informacional_ideas,bouquets_arreglos,,2
globos 1,510,30,210,40,20,30,50,90,40,MEDIUM,0.0,producto,otros,,2
arcos para decorar fiestas,500,70,90,10,10,20,30,10,260,HIGH,1384.96,informacional_ideas,arcos_guirnaldas,,1
como se infla los globos largos,500,30,320,10,10,30,40,20,40,LOW,0.0,informacional_howto,globoflexia,,2
decoracion de girasoles para cumpleaños con globos,500,110,170,50,50,10,70,10,30,LOW,0.0,informacional_ideas,flores_con_globos,cumpleanos,2
decoracion de globos plim plim,500,50,260,70,30,10,50,10,20,MEDIUM,0.0,head_tecnica,decoracion_general,,7
decoración para bodas con globos y telas,500,70,320,20,10,20,30,10,20,LOW,1661.09,informacional_ideas,ocasiones,boda,3
flor con bombas,500,390,20,10,10,10,10,20,30,LOW,0.0,head_tecnica,flores_con_globos,,3
gas para globos,500,10,140,10,10,20,30,70,210,HIGH,3990.25,producto,otros,,2
globo burbuja 18 pulgadas,500,20,390,10,10,10,40,10,10,HIGH,567.27,producto,globo_burbuja,,2
globo del numero 4,500,10,320,40,10,20,30,30,40,MEDIUM,0.0,producto,numeros_letras,,10
globo marca payaso,500,20,390,50,10,,10,,20,HIGH,923.97,producto,globoflexia,,2
globo numero 6,500,20,260,90,20,10,40,30,30,HIGH,1095.28,producto,numeros_letras,,7
globos de balon,500,90,320,10,20,10,10,20,20,HIGH,436.55,producto,otros,,3
globos forma de estrella,500,40,210,70,20,20,90,30,20,HIGH,939.5,producto,otros,,1
globos metalizados dorado,500,110,50,20,20,90,110,50,50,HIGH,0.0,producto,tipos_marcas_materiales,,3
arco de globos modernos,490,50,260,50,20,10,20,10,70,MEDIUM,0.0,informacional_ideas,arcos_guirnaldas,,2
arco de pvc para globos,490,40,260,10,10,70,70,10,20,HIGH,438.43,head_tecnica,arcos_guirnaldas,,5
bomba para globos electrica,490,20,390,10,10,10,10,10,30,HIGH,532.68,producto,helio_inflado,,5
centros de mesa con peluches y globos,490,10,390,10,10,10,20,10,30,MEDIUM,0.0,head_tecnica,bouquets_arreglos,,2
decoracion con globos de colores,490,50,320,40,20,10,30,10,10,MEDIUM,0.0,head_tecnica,tipos_marcas_materiales,,7
decoracion con globos rosa y plata,490,90,260,40,20,10,50,10,10,MEDIUM,0.0,head_tecnica,decoracion_general,,1
decoracion con pocos globos,490,110,170,50,30,20,50,40,20,LOW,0.0,head_tecnica,decoracion_general,,2
decoracion de barbie con globos,490,110,210,70,40,10,20,10,20,LOW,0.0,head_tecnica,decoracion_general,,7
medidas de globos de numeros,490,10,390,10,10,10,30,10,20,MEDIUM,0.0,informacional_howto,numeros_letras,,1
arreglos de globos para cumpleaños mujer,480,70,170,140,30,10,10,10,40,HIGH,1599.16,informacional_ideas,bouquets_arreglos,cumpleanos,10
como inflar globo de helio sin helio,480,20,210,10,10,20,30,140,40,LOW,0.0,informacional_howto,helio_inflado,,6
decoración con globos en el techo y fotos,480,110,210,50,10,20,40,10,30,LOW,0.0,informacional_ideas,arcos_guirnaldas,,1
globo burbuja con confeti,480,20,320,30,10,10,70,10,10,HIGH,0.0,producto,globo_burbuja,,4
globos burbuja san valentin,480,10,390,20,10,20,10,10,10,LOW,0.0,producto,globo_burbuja,san_valentin_amor_amistad,2
globos de harry potter,480,20,320,10,10,30,40,30,20,HIGH,426.64,producto,otros,,1
happy birthday letra globo,480,30,260,70,20,20,40,30,10,MEDIUM,0.0,producto,numeros_letras,,7
arco de globos de masha y el oso,470,110,210,30,30,10,40,10,30,LOW,0.0,head_tecnica,arcos_guirnaldas,,3
arco orgánico,470,170,110,40,40,40,30,10,30,LOW,0.0,head_tecnica,arcos_guirnaldas,,5
bodas sencillas decoracion para boda civil con globos,470,70,260,30,20,20,40,10,20,LOW,0.0,informacional_ideas,ocasiones,boda,1
como decorar con globos en el techo,470,110,210,40,10,20,40,10,30,LOW,0.0,informacional_howto,arcos_guirnaldas,,5
decoración con globos burbuja,470,110,260,40,10,10,20,10,10,MEDIUM,0.0,head_tecnica,globo_burbuja,,11
globo estrella metalizado,470,90,40,20,10,30,260,10,10,HIGH,577.06,producto,tipos_marcas_materiales,,3
globoflexia paso a paso,470,70,110,20,20,140,30,70,10,LOW,0.0,informacional_howto,globoflexia,,2
inflador de globos profesional,470,70,170,70,20,40,50,20,30,HIGH,703.39,producto,helio_inflado,,2
adorno de graduación con globos,460,10,390,10,10,10,10,10,10,MEDIUM,0.0,informacional_ideas,ocasiones,graduacion,8
decoracion con globos azul rey y plateado,460,110,210,50,20,10,40,10,10,MEDIUM,0.0,head_tecnica,tipos_marcas_materiales,,1
decoracion de globos de frozen,460,50,260,50,20,10,30,20,20,MEDIUM,0.0,head_tecnica,decoracion_general,,13
globos con diseño,460,20,90,170,30,90,30,10,20,HIGH,0.0,informacional_ideas,otros,,2
globos de numeros decorados,460,50,210,40,20,20,50,40,30,MEDIUM,0.0,head_tecnica,numeros_letras,,7
globos de plástico,460,30,260,40,10,20,30,40,30,HIGH,701.71,producto,otros,,3
globos para boda,460,10,260,10,10,10,20,90,50,HIGH,684.29,producto,ocasiones,boda,4
hinchador de globos,460,10,10,10,10,10,10,390,10,HIGH,361.89,producto,otros,,3
como hacer un arco de globos sencillo,450,70,50,40,10,40,20,210,10,HIGH,0.0,informacional_howto,arcos_guirnaldas,,6
como inflar globos metalizados,450,70,10,10,10,10,320,10,10,LOW,0.0,informacional_howto,helio_inflado,,5
decoracion con arcos,450,70,170,50,10,20,20,20,90,MEDIUM,0.0,head_tecnica,arcos_guirnaldas,,1
decoracion con cortinas metalicas y globos,450,110,170,70,30,10,40,10,10,LOW,0.0,head_tecnica,arcos_guirnaldas,,4
globo mil figuras,450,390,,10,10,10,10,,20,MEDIUM,0.0,head_tecnica,otros,,3
globos dorados cromados,450,70,140,110,30,30,50,10,10,HIGH,0.0,producto,tipos_marcas_materiales,,5
6 globo,440,20,170,40,20,20,70,90,10,LOW,0.0,producto,otros,,1
arbolitos de navidad con globos,440,90,170,40,30,20,30,40,20,LOW,0.0,informacional_ideas,ocasiones,navidad,1
arco de globos rojo y blanco,440,70,170,110,20,10,30,10,20,LOW,0.0,head_tecnica,arcos_guirnaldas,,4
como hacer torre de globos,440,70,170,10,20,10,50,90,20,LOW,0.0,informacional_howto,otros,,7
flor con globos largos,440,50,170,20,20,70,50,40,20,LOW,0.0,head_tecnica,globoflexia,,5
globos del 9,440,,390,10,10,10,10,,10,HIGH,738.64,producto,otros,,1
sencillo decoracion para el dia de la madre con globos,440,140,110,90,30,10,30,10,20,LOW,0.0,informacional_ideas,ocasiones,dia_madre,2
tamaños de globos payaso,440,,390,30,10,,,,10,HIGH,0.0,informacional_howto,globoflexia,,2
arco de globos cuadrado,430,40,210,20,20,40,30,20,50,HIGH,839.39,head_tecnica,arcos_guirnaldas,,7
como hacer helio casero,430,70,140,40,20,40,50,50,20,LOW,0.0,informacional_howto,helio_inflado,,2
globo de corazon con helio,430,20,210,50,10,20,30,50,40,MEDIUM,0.0,producto,helio_inflado,san_valentin_amor_amistad,2
globo numero 2,430,20,170,40,20,30,50,50,50,HIGH,997.67,producto,numeros_letras,,12
globos colgantes en el techo,430,90,170,70,10,20,30,10,30,MEDIUM,0.0,head_tecnica,arcos_guirnaldas,,2
globos de minnie,430,50,140,40,10,70,70,30,20,HIGH,802.09,producto,otros,,2
arco redondo de globos,420,30,170,30,20,50,20,30,70,HIGH,698.87,head_tecnica,arcos_guirnaldas,,5
bomba de helio para globos,420,30,210,10,10,10,10,70,70,HIGH,393.98,producto,helio_inflado,,3
decoracion de globos futbol,420,70,210,30,20,10,30,10,40,HIGH,0.0,head_tecnica,decoracion_general,,6
decoracion de globos rojo y blanco,420,90,170,50,30,10,40,10,20,LOW,0.0,head_tecnica,decoracion_general,,6
